,1
#Misc,1
@Misc,2
Aaron_Brian,1
Abercrombie_Sandra_A,2
Abercrombie_Sandra_A_(R),1
Abercrombie_Sandra_A_(REP),1
Abernethy_Pamela_L,1
Abshier_Thomas_Lee,1
Ackerman_Robert,1
Ackerman_Robert_(D),1
Adams_Jeff_(L),2
Adamson_Jessica,1
Adamson_Jessica_(D),1
Adkisson_Marci_W,1
Adkisson_Marci_Warner,1
Adler_A_Michael,2
Ahern_Daniel_J,1
Ahern_Mike,1
Ahern_Mike_(D),1
Aiello_Lynn,1
Aiello_Lynn_(R),1
Ainge_Doug_(DEM),1
Akin_David_M_(L),1
Alamarez_John,1
Albies_J_Ashlee_(W),1
Albrecht_Cheryl,2
Albright_Thomas_Ray,1
Alley_Allen,2
Alley_Allen_(R),1
Allison_Hilda_M,2
Ambrosini_George,2
Ambrosini_George_W,2
Ameri_Goli,1
Ameri_Goli_(R),1
Amiton_Marshall_L,1
Anderson_Beverly,1
Anderson_Bryce_Reed,1
Anderson_Gordon_S,1
Anderson_Gordon_S_(R),1
Anderson_Ross_C_(Rocky)_(P),1
Andrews_Deborah_L,1
Antico_Raphael_C,1
Aranas_Paul_(P),1
Arcune_Sarah,2
Arlow_Allan_J,2
Armstrong_Rex,2
Arnold_G_Philip_(Phil),2
Ashby_Wells_B,3
Ashcroft_Lynn,1
Atchison_Stephen,2
Atherton_Kerry_(D),1
Atkinson_Jason_A,3
Atkinson_Jason_A_(R),2
Atkinson_Jason_A_(WI),1
Auer_Aaron_(C),1
Avakian_Brad,4
Avakian_Brad_(D),2
Avakian_Brad_(WI),1
Avera_Fred_E,2
Avera_Sally,2
Bachart_Sheryl,1
Backa_Bev,1
Backa_Bev_(D),1
Backlund_Vic,1
Badnarik_Michael_(L),1
Baertschiger_Jr_Herman,1
Baertschiger_Jr_Herman_(R),1
Bagley_Beth,2
Bailey_Charlie,2
Bailey_D_Charles,1
Bailey_Jodi_(R),1
Baisinger_Glen_D,1
Baker-Monaghan_Rosemary,1
Baker_Aaron,1
Baker_Aaron_(R),1
Baker_Lindi,1
Baker_Linidi,1
Baldwin_Chuck_(C),1
Baldwin_Raymond_(C),2
Baldwin_Richard_C,3
Ballard_Elizabeth,1
Ballard_John_L,1
Balmer_Thomas_A,1
Balyeat_Andrew_C,1
Balyeat_Andy,1
Bangs_Christopher_Cameron,1
Bangs_Christopher_Cameron_(D),1
Banta_Jack_L,1
Banzer_Cindy,1
Barber_Benjamin_Jay,1
Barker_Jeff,5
Barker_Jeff_(D),5
Barker_Jeff_(DEM),1
Barnack_Tim,2
Barnes_Lew,2
Barnes_Lew_(R),1
Barnes_Lew_(REP),1
Barnett_Bernice,2
Barnhart_Phil,5
Barnhart_Phil(WI),1
Barnhart_Phil_(D),5
Barnhart_Phil_(DEM),1
Barr_Bob_(L),1
Barreto_Greg_(R),1
Barron_Richard_L,2
Barton_Brent,3
Barton_Brent_(D),3
Barton_Brent_(DEM),1
Bates_Alan,2
Bates_Alan_(D),2
Bates_Alan_(DEM),1
Bates_Alan_C,1
Bates_Alan_C_(D),1
Bates_Sean_(I),1
Baurer_Herman_Joseph,1
Baurer_Herman_Joseph_(C),1
Baxter_Greg,1
Baxter_Gregory_L,1
Beaman_Cynthia_L,1
Bearden_Frank_L,1
Bearden_Mary_Ann,2
Bechtold_Paula_M,2
Beckers_Bill_(R),1
Beckman_Douglas_G,1
Beem_David_W,1
Beglau_Walter_M,2
Beilstein_Mike_(PG),2
Beilstein_Mike_(PGP),1
Belcastro_Pete_(I),1
Bennett_Channing,1
Bentz_Cliff,3
Bentz_Cliff(WI),2
Bentz_Cliff_(R),3
Bentz_Cliff_(REP),1
Bentz_Cliff_(W),1
Berg_Bill,1
Berg_Bill_(REP),1
Berger_Vicki,5
Berger_Vicki_(R),4
Berger_Vicki_(REP),1
Bergstrom_Eric_J,2
Bero_Tim(WI),1
Bero_Tim_(R),1
Berry_Brad,1
Berry_Bradley_C,2
Best_Charles_L,1
Beyer_Elizabeth_Terry,4
Beyer_Elizabeth_Terry_(D),3
Beyer_Elizabeth_Terry_(DEM),1
Beyer_Elizabeth_Terry_(WI),1
Beyer_Lee,1
Beyer_Lee_(D),1
Beyer_Lee_(DEM),1
Beyer_Roger,1
Beyer_Roger_(R),1
Beyer_Roger_(WI),1
Bieker_Michael,1
Bieker_Michael_(REP),1
Biggi_Domonic,1
Biggi_Domonic_R(),1
Biggs_Ray_(C),1
Billings_Jack_A,1
Birnbaum_Martin,1
Bispham_Carol_R,2
Bitz_Joseph_H_(C),1
Blackburn_Chris,1
Blackburn_Gary,1
Blansett_Lucian_(C),1
Bloch_Eric,1
Bloch_Eric_J,1
Bloom_Benjamin_M,1
Blosser_Susan_Sokol_(DEM),1
Blumenauer_Earl,5
Blumenauer_Earl_(D),5
Blumenauer_Earl_(DEM),1
Bodner_Karen,1
Bodner_Karen_(REP),1
Boertje_Brandon_M_(L),1
Boethin_Ken,1
Boettcher_Logan,1
Boettcher_Logan_(R),1
Boettner_Will,1
Boettner_Will_(DEM),1
Bohan_Mike,1
Bollinger_William_(L),1
Bonamici_Suzanne,4
Bonamici_Suzanne_(D),4
Bonamici_Suzanne_(DEM),1
Boone_Deborah,5
Boone_Deborah_(D),5
Boone_Deborah_(DEM),1
Boone_Jacob_(L),1
Booth_Herbert_(L),1
Boquist_Brian,2
Boquist_Brian_(R),2
Boquist_Brian_J,2
Boquist_Brian_J_(R),2
Borg_Lane,1
Boston_Cyreena,1
Botkin_Mary,1
Bovett_Rob,2
Bowerman_E,1
Bowerman_Karen,1
Bradbury_Bill,2
Bradbury_Bill_(D),1
Brading_Rob,2
Brading_Rob_(D),2
Brady_Alta_Jean,2
Branam_Michelle,1
Branford_Thomas_O,2
Brannen_Frank_W_(L),1
Brauer_Christopher_R,4
Breithaupt_Henry_C,1
Bremner_Fred,1
Bremner_Fred_(R),1
Brenneman_Aaron,1
Brewer_Dave,1
Brewer_David_V,1
Brewer_Katie_Eyre,1
Brewer_Katie_Eyre_(REP),1
Broadnax_Woodrow_(PG),1
Brockett_Phil,1
Brodhead_Stephan_Andrew,1
Brouhard_Nancy,1
Brouhard_Nancy_(R),1
Broussard_Bruce,1
Broussard_Bruce_(R),1
Broussard_Bruce_(WI),1
Brower_Ronald_(C),1
Brown_Alan,2
Brown_Alan_(R),2
Brown_Jason,2
Brown_Jason_(D),2
Brown_Jr_Jack_Alan_(C),2
Brown_Kate,3
Brown_Kate_(D),3
Brown_Kate_(WI),1
Brown_Linda,1
Brown_Robin_M,1
Brown_Robin_M_(R),1
Brown_Walter_F_(Walt)_(PG),1
Brown_Walter_F_(Walt)_(PRO),1
Brown_Walter_F_(Walt)_(S),1
Brownhill_Paula,1
Brownlow_Dave_(C),1
Brownlow_David_(C),2
Bruce_Robert_R_(D),1
Bruun_Scott,4
Bruun_Scott_(R),3
Bruun_Scott_(REP),1
Buchal_James_(R),1
Buchal_James_L,2
Buchal_James_L(WI),1
Buchal_James_L_(R),1
Buck_Jim,1
Buck_Jim_(D),1
Buckley_Peter,5
Buckley_Peter(WI),2
Buckley_Peter_(D),5
Buckley_Peter_(DEM),1
Buehler_Knute,1
Buehler_Knute_(R),1
Buehler_Knute_C_(R),1
Bunch_Dan,2
Bunn_Jim,1
Burbach_Lou_(C),1
Burcart_Janie_M,1
Burch_Jeanne_E,1
Burdick_Ginny,3
Burdick_Ginny_(D),3
Burge_Frances,1
Burgett_Paul_R,1
Burley_Chuck,3
Burley_Chuck_(R),3
Burnham_Amanda_(L),1
Burton_Claudia_M,2
Bush_George_W,1
Bush_George_W_(R),1
Bushong_Stephen_K,1
Butcher_III_Charles_H,1
Butler_Frank_A,1
Butler_R_Thomas_(Tom),3
Butler_R_Thomas_(Tom)_(R),2
Butler_R_Thomas_(Tom)_(WI),1
Butterfield_Eric,1
Butterfield_Stan,3
Byers_Sara,1
Byers_Sara_(DEM),1
Cairns_Shirley_A,1
Cairns_Shirley_A_(D),1
Caleb_Edwin_I,2
Callahan_Cathleen_B,1
Callahan_Mark,1
Callahan_Mark_(PGP),1
Callahan_Mark_(R),1
Calvert_James,2
Calvert_James_(D),2
Cameron_Kevin,4
Cameron_Kevin_(R),3
Cameron_Kevin_(REP),1
Campbell_Kathy,1
Campbell_Kathy_(D),1
Campbell_Monte_S,1
Campbell_Stephen_D,3
Cannon_Ben,3
Cannon_Ben(WI),1
Cannon_Ben_(D),2
Cannon_Ben_(DEM),1
Cantrell_Sam,1
Card_Nick_(R),1
Carlile_Jason,2
Carlson_Charles_D,1
Carlson_Cynthia_D,2
Carp_Ted,1
Carpenter_Jim,2
Carroll_Ross,1
Carroll_Ross_(D),1
Carter_Margaret,2
Carter_Margaret(WI),1
Carter_Margaret_(D),2
Carter_Margaret_(WI),1
Carter_Scott_Orin,1
Castaneda_Manuel,1
Castaneda_Manuel_(R),1
Castillo_Susan,2
Caton_Jeff,1
Caton_Jeff_(IND),1
Caton_Jeff_(R),1
Caudle_Mike,1
Caudle_Mike_(D),1
Cañas_Adriana_H,1
Cernak_John-Paul,1
Chambers_Dale_C,1
Chaney_James,1
Chanti_Suzanne,1
Chappell_IV_Claude_William,1
Chappell_Steven_K,1
Charter_Joe,3
Chase_Sam,1
Chereck_Jr_Tom_M,3
Chereck_Jr_Tom_M_(R),1
Chester_David_L_(L),1
Chriestenson_Dan_(R),1
Christensen_Will_(C),1
Christofferson_Aelea_(D),1
Cinniger_Ronald_E,1
Clem_Brian,3
Clem_Brian(WI),1
Clem_Brian_(D),3
Clem_Brian_(DEM),1
Clem_Brian_L,1
Clem_Brian_L_(D),1
Cleys_Frank,1
Cleys_Frank_(R),1
Cline_Michael_(L),1
Clinton_Hillary,1
Close_Betsy_L,1
Close_Betsy_L_(R),2
Cobb_David_(P),1
Cobb_Rita_Batz,2
Coe_Gary,1
Coe_Gary_(R),1
Colahan_Timothy_J,3
Colas_Leon_S,1
Colbath_Marlene_(Mitzi),1
Coleman_Lee,1
Coleman_Lee_(D),1
Collins_John_L,2
Colvin_Clark,1
Comfort_Travis,1
Coney_Jon,1
Conger_Jason,2
Conger_Jason_(R),1
Conger_Jason_(REP),1
Connell_David_B,2
Connolly_Paul,1
Connolly_Paul_(R),1
Conover_R_Curtis,1
Cook_Nancy,1
Cook_Nena,2
Cook_Rose,1
Cook_Rose_(REP),1
Cook_Vernon,1
Coon_Dwight,2
Coon_Dwight_(R),1
Coon_Dwight_(REP),1
Cooper_Laura_D_(R),1
Cornett_Jesse,1
Cornett_William_(Bill)_C,2
Cornett_William_(Bill)_C_(R),2
Cornilles_Rob,1
Cornilles_Rob_(REP),1
CountyAlbrecht_Cheryl,1
Courtney_Peter,2
Courtney_Peter_(D),2
Courtney_Peter_(DEM),1
Cowan_Jean,4
Cowan_Jean(WI),1
Cowan_Jean_(D),3
Cowan_Jean_(DEM),1
Cox_Thomas_B(WI),1
Cox_Tom_(L),1
Cox_Tom_(R),1
Crain_Patricia,2
Cramer_Jr_William_D,1
Cronk_Bruce_(WFP),1
Cronk_Bruce_W,1
Cronk_Bruce_W_(D),1
Cropp_Jeff_(P),1
Crowley_Paul_G,2
Cruson_Cheryl,2
Cruz_Sean,1
Cuff_Bruce,2
Cunningham_Ken_(C),2
Curry_Everett,1
Curry_Everett_(R),1
Curtright_W_Ames,1
Curtright_William_Ames,1
Custer_Kittee,1
Cutsforth_Thomas_W,1
Cutsforth_Tom,2
D_Abar_Donald,1
Daghlian_Paul_A,1
Dailey_Kathleen,1
Dailey_Kathleen_M,1
Dallum_John_H,2
Dallum_John_H_(R),2
Dalto_Billy,2
Dalto_Billy_(R),2
Dalton_Bill_(D),1
Dalton_William,1
Damon_Jamie_(D),1
Dancer_Rick,1
Dancer_Rick_(R),1
Dane_Frank_(L),1
Daniels_Jacob,1
Darling_Deanne_L,1
Davies_Lou,1
Davis_Dan,1
Davis_Drake_(L),1
Davis_Joelle,1
Davis_John_(R),2
Davis_Wanda_(D),1
Day_Hanten_(HD),1
Day_Hanten_(HD)_(D),1
Day_Ross,1
Day_Vance_D,1
DeCoste_Ed,1
DeCoste_Ed_(REP),1
DeFazio_Peter_A,5
DeFazio_Peter_A_(D),5
DeFazio_Peter_A_(DEM),1
DeFazio_Peter_A_(WI),1
DeHoog_Roger_J,1
DeVietro_Michael_F_(R),1
De_Muniz_Paul,1
Deane_Jeanne_E,1
Deane_Jeanne_E_(D),1
Decker_Andrew,1
Decker_Andrew_(R),1
Deckert_Ryan,1
Deckert_Ryan_(D),1
Defoe_Jerry_(L),1
Deguc_Vincent_A,2
Deits_Mary_J,1
Delaney_Paul_(L),2
Delphine_Marc_(L),2
Delphine_Marc_(LBT),1
Delphine_Marc_L_(L),1
Delsman_Dave,1
Delsman_David_E,1
Dembrow_Michael,2
Dembrow_Michael_(D),2
Dembrow_Michael_(DEM),1
Dembrow_Michael_E,1
Dembrow_Michael_E_(D),1
Dengfelder_Jackie,1
Derville-Teer_Eldon,1
Derville-Teer_Eldon_(R),1
Detlefsen_Susan_(L),1
Deuel_Peter_L,1
Devlin_Richard,2
Devlin_Richard_(D),2
Devlin_Richard_(DEM),1
Dial_Everett,2
Dickey_Don_A,1
Dickman_Eric_(L),1
Diefenderfer_Jim,1
Diefenderfer_Jim_(D),1
Dingfelder_Jackie,7
Dingfelder_Jackie(WI),2
Dingfelder_Jackie_(D),4
Dingfelder_Jackie_(WI),1
Dinkel_G_Shane,1
Dodge_Julie_(L),1
Doherty_Margaret,2
Doherty_Margaret_(D),2
Doherty_Margaret_(DEM),1
Doherty_Valerie_B,1
Donohue_Matthew,1
Dooney_Michael_J,1
Dotterer_Dave_(R),1
Dotterrer_Dave,1
Dotterrer_Dave_(REP),1
Doty_John,1
Doty_John_(D),1
Downer_Jr_Hugh_J,1
Doyle_Dan,1
Doyle_Dan_(R),1
Draper_Joan,1
Draper_Joan_(R),1
Dretke_Brian_C,1
Dudley_Chris,1
Dudley_Chris_(REP),1
Duerfeldt_Tim,1
Duerfeldt_Tim_(D),1
Dugan_Mike,2
Duncan_Rebecca_A,1
Durbin_Sharon_L_(L),1
Durham_Robert_D_(Skip),1
Duyck_Andy_(R),1
Duyck_Jeff,1
Dyer_Jim,1
Dyer_Jim_(DEM),1
Dzieman_Tom,1
Easterday_Cynthia,1
Eberle_Michele,1
Eberle_Michele_(D),1
Eddie_Bill,1
Eddie_Bill_(R),1
Edmonds_Walt,1
Edwards_Chris,3
Edwards_Chris(WI),1
Edwards_Chris_(D),3
Edwards_Chris_(DEM),1
Edwards_David,3
Edwards_David_(D),2
Edwards_Randall,1
Edwards_Randall_(D),1
Egan_James_C,3
Eggleston_Mark,1
Eggleston_Mark_(R),1
Ekstrom_Bob_(C),2
Ekström_Bob_(C),1
Elder_Travis,1
Ellefson_Jared_(L),1
Ellefson_Jay_A_(L),1
Ellison_James_(Jim)(WI),1
Ellison_James_(Jim)_(R),1
Ellmyer_Richard,1
Ericksen_Larry_C_(R),1
Erickson_Mike,2
Erickson_Mike_(R),2
Erwin_Andy,1
Esp_Jack_L,1
Esquival_Sal_C,1
Esquivel_Sal,4
Esquivel_Sal(WI),1
Esquivel_Sal_(R),4
Esquivel_Sal_(REP),1
Esquivel_Sal_C_(R),1
Evans_Paul,1
Evans_Paul_(D),2
Ewert_Glen_E_(L),1
Extine_Chris_(PG),1
Extine_Chris_(PGP),1
Eyre_Katie,1
Eyre_Katie_(R),1
Factora_Wipper_Janelle,1
Fagan_Mike,1
Fagan_Shemia,1
Fagan_Shemia_(D),2
Falbo_Jean_A,1
Falbo_Jean_A_(DEM),1
Fall_Charles_P_(P),1
Farr_Debi,2
Farr_Debi_(R),2
Farrell_Timothy_MB,1
Farrington_Dan,1
Farrington_Dan_(R),1
Featherstone_Maryl_Graybeal,1
Feigner_Rachel_J_(L),1
Feldewerth_Christi_(L),1
Feldkamp_Jim,2
Feldkamp_Jim_(R),2
Fell_Don,1
Fell_Don_(R),1
Felton_Aaron,3
Ferrioli_Ted,3
Ferrioli_Ted(WI),2
Ferrioli_Ted_(R),3
Ferrioli_Ted_(WI),1
Ficek_Bev,1
Ficek_Bev_(D),1
Fiddes_Gordon,1
Fiddes_Gordon_(REP),1
Fioravanti_Kayla,1
Firestone_Kathryn,1
Firestone_Kathryn_(D),1
Fisher_John,1
Fitzgerald_Dan_(L),1
Flaherty_Patrick_J,1
Flores_Linda,3
Flores_Linda_(R),3
Flowers_Dee,1
Flowers_Dee_(REP),1
Fogelson_Steven,1
Foote_Gregory_G,1
Foote_John_S,3
Forest_Michael_W,1
Forest_Michael_W_(REP),1
Forsberg_Toby,2
Forsberg_Toby_(D),1
Forte_Stephen_P,1
Forthan_Bob,1
Forthan_Bob_Leonard,1
Foster_Andrew,1
Foster_James_(L),1
Foster_James_(LBT),1
Fox_Jim,1
France_Mitch_Lee,1
Francis_Mark_M_(C),1
Frank_Annette,1
Frank_Annette_(D),1
Frank_Steve,1
Frank_Steve_(D),1
Frank_Steven_H,1
Frantz_Julie,1
Franzoni_Hank,1
Franzoni_Hank_(D),1
Frasier_R_Paul,2
Frederick_Lew,2
Frederick_Lew(WI),1
Frederick_Lew_(D),1
Frederick_Lew_(DEM),1
Frederick_Lew_(WI),1
Freeman_Sharon,1
Freeman_Shirley_(Whitehead),1
Freeman_Shirley_(Whitehead)_(R),1
Freeman_Tim,1
Freeman_Tim(WI),1
Freeman_Tim_(R),1
Freeman_Tim_J,2
Freeman_Tim_J_(R),1
Freeman_Tim_J_(REP),1
Fuchs_Alicia_A,2
Fudge_Brad,1
Fun_Jim,2
Gaddis_Jenn,1
Galizio_Larry,3
Galizio_Larry_(D),3
Gallagher_Suzanne,1
Gallagher_Suzanne(WI),1
Gallagher_Suzanne_(R),2
Gallegos_Joe_(D),2
Gallegos_Mary,1
Gallegos_Mary_(R),1
Galton_Sidney_A,1
Garcia_Connie,1
Garcia_Connie_(D),1
Garcia_Oscar,1
Garcia_Roger_F_(L),1
Gardier_Rob,1
Gardier_Rob_(REP),1
Gardner_Alex,2
Gardner_Dan,1
Gardner_Mark,1
Garrard_Bill,4
Garrard_Bill(WI),1
Garrard_Bill_(R),3
Garrard_Bill_(REP),1
Garrard_Bill_(WI),1
Garrett_Chris,3
Garrett_Chris_(D),2
Garrett_Chris_(DEM),1
Garrison_Randy,3
Geiger_Matt_(R),1
Geiger_Steve_(P),1
Gelser_Sara_A,5
Gelser_Sara_A_(D),4
Gelser_Sara_A_(DEM),1
George_Gary,1
George_Gary_(R),1
George_Larry,2
George_Larry_(R),1
George_Larry_(REP),1
Gerboth_John_S_(L),1
Gergen_Christopher_P_(R),1
Gerking_Timothy,1
Germond_Jaynee,1
Germond_Jaynee_(C),1
Gerritzen_Deborah_J,1
Gerritzen_Deborah_J_(REP),1
Geyer_Courtland,1
Gilbert_Jim,3
Gilbert_Jim_(D),3
Gilbertson_Jim,1
Gilbertson_Jim_(D),1
Gillespie_Mike,2
Gillette_W_Michael_(Mick),1
Gilliam_Vic,3
Gilliam_Vic(WI),1
Gilliam_Vic_(R),3
Gilliam_Vic_(REP),1
Gilman_George,3
Gilman_George(WI),2
Gilman_George_(R),3
Gilman_George_(WI),1
Gingrich_Newt,1
Girod_Fred,2
Girod_Fred_(R),3
Gist_Don_(R),1
Glad_Edward_(Ed),1
Goberman_Pavel,5
Goche_Richard_(Rick),1
Goche_Richard_(Rick)_(D),1
Goldstein_George,1
Gomberg_David,1
Gomberg_David_(D),2
Gonzalez_Barbara_(CON),1
Gonzalez_Barbara_L_(C),2
Goodhouse_John,1
Goodhouse_John_(R),1
Goodwin_Jeff,1
Gordly_Avel_Louise,1
Gordly_Avel_Louise_(D),1
Gordly_Avel_Louise_(WI),1
Gordon_Simone,1
Gordon_Simone_(REP),1
Gorsek_Chris,1
Gorsek_Chris_(D),2
Goss_Kathy_B_(R),1
Grad_Paul_(L),1
Graham_Kathy_T,1
Grant_Jenefer_Stenzel,1
Grant_Jerome,1
Grant_Jerome_(R),1
Granum_Fred,1
Grasty_Steve,2
Grasty_Steven_(Steve),1
Graves_Dennis_J,2
Gray_Regan_Felice,1
Grederick_Lew_(D),1
Green_Ron_(D),1
Green_Ronald,1
Green_Ronald_(R),1
Greenhalgh-Johnson_Mark,1
Greenlick_Mitch,5
Greenlick_Mitch_(D),5
Greenlick_Mitch_(DEM),1
Greif_Lisa_C,3
Greig_Lisa_C,1
Grensky_Ron,3
Griffith_Steve,2
Griffith_Steve_(R),1
Grisham_Brian,2
Grisham_Brian_(D),2
Grove_Ted_E,1
Guimond_Joseph_C,1
Gurney_Anne_Marie,2
Gurney_Anne_Marie_(R),1
Gurney_Anne_Marie_(REP),1
Gushwa_Dean_F,1
HIll_Tyler,1
Hack_Jodi_L_(R),1
Hadlock_Erika,1
Haffner_Ryan_(L),1
Hahn_Jr_Edgar,1
Hake_Richard_D_(C),2
Hake_Rick_(C),1
Hall_Peter,1
Hall_Peter_(D),1
Hall_Peter_W_(D),1
Hall_Tom,1
Haller_III_Don_H,2
Hallman_W_Eugene_(Gene),1
Hamalian_Alexander,1
Hampton_Lynn_W,1
Hamsher_Jim,1
Hanna_Bruce,4
Hanna_Bruce(WI),1
Hanna_Bruce_(R),3
Hanna_Bruce_(REP),1
Hanna_Bruce_L,1
Hanna_Bruce_L_(R),1
Hansell_Bill,1
Hansell_Bill_(R),1
Hansen_Bernt_(Al),2
Hansen_Bernt_(Al)_(D),1
Hansen_Gary_D,1
Hansen_Gary_D_(D),1
Hansen_Scott,1
Hansen_Scott_(R),1
Hantke_David_W,1
Harcleroad_Doug,1
Harding_Hal,1
Harisay_Rich_(D),1
Harisay_Richard,2
Harisay_Richard_(D),1
Harisay_Richard_(DEM),1
Harker_Chris,2
Harker_Chris_(D),2
Harker_Chris_(DEM),1
Harmon_Kitty_C,1
Harmon_Kitty_C_(REP),1
Haroldson_John,2
Harrington_Ginger_Lee,1
Harrington_Michael,1
Harrington_Michael_(R),1
Harrington_Michael_H_(R),1
Harris_Dan,1
Harris_Daniel_L,1
Harris_Ginger_Lee,1
Harsin_Dallas,1
Hart_Tom,2
Harwood_Scott_(L),1
Haselton_Rick,2
Haslinger_Barbara,1
Hass_Mark,3
Hass_Mark_(D),3
Haugen_Joel,1
Haugen_Joel_(I),1
Hauser_Geri,1
Hauser_Geri_(D),1
Haven_Greg,1
Hayden_Cedric_(R),1
Haynes_Andrew,1
Hayward_Elizabeth_Steiner,1
Heard_Dallas_(R),1
Heckert_Beth,1
Hedbor_Lars_D_H_(L),1
Heiser_Scott_A,1
Helm_Ken_(D),1
Henderson_III_Paul_L,1
Henderson_Paul_L,1
Hennrich_Mary_Lou,1
Henry_Chris_(P),2
Henry_Chris_(PG),1
Henry_Chris_(PGP),1
Henry_Eveleen,1
Hermann_Bob,2
Hernandez_Marco_A,1
Herndon_Robert_D,2
Herr_David_B,1
Heuer_Douglas_J,1
Hicks_Wally,2
Hicks_Wally(WI),1
Hicks_Wally_(R),1
Hicks_Wally_(REP),1
Hicks_Wally_(WI),1
Hill_Andrew,1
Hill_Andrew_(R),1
Hill_Daniel_J,2
Hill_Jim,1
Hill_Jonathan_R,1
Hill_Norman_R,1
Hill_Thomas_A,2
Hill_Tyler_(REP),1
Hillesland_Gordon,3
Hillman_Annette_C,1
Hobbs_Will,1
Hochberg_Charles,1
Hochberg_Charles_(D),1
Hodson_Jerry_B,2
Holcomb_Janet_Schoenhard,2
Holland_Lauren_S,2
Hollingsworth_Marv,1
Holman_Paul_(D),1
Holmes_Blake_(L),1
Holton_Dwight,1
Holvey_Paul_R,5
Holvey_Paul_R(WI),1
Holvey_Paul_R_(D),5
Holvey_Paul_R_(DEM),1
Hooker_Loren,1
Hooley_Darlene,2
Hooley_Darlene_(D),2
Hoppe_David,2
Horner_William_M,1
Horning_Bob,1
Horning_Bob_(REP),1
Hostetter_Zac,1
Hosticka_Carl,1
Hosticka_Carl_(D),1
Hovekamp_Nathan_R_(D),1
Hovenkamp_Nathan_R,1
Howard_Ryan_(D),1
Howe_Lynn,2
Howe_Lynn_(D),1
Howe_Lynn_(DEM),1
Howells_Claudia_L,1
Howells_Claudia_L_(D),1
Hoyle_Val,2
Hoyle_Val_(D),2
Hoyle_Val_(DEM),1
Huckleberry_Robert_J,1
Huddart_Aaron_L,1
Huddart_Aaron_L_(R),1
Huddle_John,2
Huddle_John_(D),1
Huddle_John_(DEM),1
Huddleston_Mark,2
Hudson_Matarazzo_Judith,1
Huffman_Jim,1
Huffman_Jim_(REP),1
Huffman_John_E,3
Huffman_John_E_(R),3
Huffman_John_E_(REP),1
Hull_Donald_W,2
Hull_Thomas_M,2
Humphrey_Jr_Thomas_E_(C),1
Humphrey_Keith_(C),1
Hung_Lung_S,1
Hunt_Dave,4
Hunt_Dave(WI),2
Hunt_Dave_(D),2
Hunt_Dave_(DEM),1
Huntting_Chuck_(L),2
Hursh_Russell_(Russ)_F,1
Hutchison_Cliff,2
Hutchison_Cliff_(R),1
Hutchison_Cliff_(REP),1
Huva_Susie_L,2
Immergut_Karin_J,1
Isaacson_Rodger_J,1
James_Mary_M,2
Jellum_John,1
Jenson_Bob,5
Jenson_Bob_(R),4
Jenson_Bob_(REP),1
Jenson_Bob_(WI),1
Johnson_Betsy,1
Johnson_Betsy_(D),1
Johnson_Betsy_(DEM),1
Johnson_Elizabeth_(Betsy),2
Johnson_Elizabeth_(Betsy)_(D),1
Johnson_Elizabeth_(Betsy)_(WI),1
Johnson_Elizabeth_Betsy_(D),1
Johnson_Gary_(L),1
Johnson_Kohler_(L),2
Johnson_Mark,2
Johnson_Mark_(R),2
Johnson_Mark_(REP),1
Johnson_Monica,1
Johnson_Monica_(R),1
Johnson_Tom_(D),1
Johnston_Edward,1
Jones_Bill,1
Jones_Carol_E,1
Jones_Edward,2
Jones_Jeffrey_S,2
Joslin_Ryan,1
Joslin_Ryan_S,1
Joyce_Daniel_P,3
Kahl_Nck_(DEM),1
Kahl_Nick,2
Kahl_Nick_(D),1
Kane_Brendan,1
Kantor_Henry,1
Karabeika_Heather_L,1
Karlock_Jim_(L),1
Karnowski_Mark_(L),1
Karr_Darren,1
Kasubhai_Mustafa_T,1
Kaza_Andrew,1
Kaza_Andrew_(Drew)_(I),1
Keane_Teresa_(P),1
Keating_Joe_(P),1
Kee_Jeffrey_A,1
Keeble_Burton,1
Keeble_Burton_(R),1
Keen_Susan,1
Kegler_Dean,1
Keizer_Teddy,1
Keller_Douglas_Fitzgerald,1
Kelly_John_V,1
Kennemer_Bill,3
Kennemer_Bill_(R),3
Kennemer_Bill_(REP),1
Keny-Guyer_Alissa,1
Keny-Guyer_Alissa(WI),1
Keny-Guyer_Alissa_(D),2
Kerry_John_F,1
Kerry_John_F_(D),1
Kim_Dave(WI),1
Kim_Dave_(R),1
Kindred_Lynn,1
King_Al,1
King_Al_(R),1
King_Brenden_(R),1
Kirchmeier_Mark,1
Kirkpatrick_Stevan,1
Kirkpatrick_Stevan_(R),1
Kirkpatrick_Stevan_C,1
Kirkpatrick_Stevan_C_(REP),1
Kistler_Rives,2
Kittelman_Marilyn,1
Kittelman_Marilyn_(REP),1
Kitts_Derrick,2
Kitts_Derrick_(R),2
Kitzhaber_John,1
Kitzhaber_John_(D),1
Kitzhaber_John_(DEM),1
Klahr_Jim,1
Klahr_Jim_(D),2
Knapp_Rick,1
Knight_Bruce_Alexander_(L),2
Knopp_Tim,1
Knopp_Tim_(R),1
Koch_Dale_R,1
Kocher_Mike,1
Kocher_Mike_(R),1
Kohl_Thomas_W,2
Komp_Betty,4
Komp_Betty_(D),4
Komp_Betty_(DEM),1
Komp_Betty_E,1
Komp_Betty_E_(D),1
Koopmans_Richard,3
Koopmans_Richard_(D),3
Kopel-Bailey_Jules,1
Kopel-Bailey_Jules_(D),1
Kopel_Bailey_Jules,2
Kopel_Bailey_Jules(WI),1
Kopel_Bailey_Jules_(D),1
Kopel_Bailey_Jules_(DEM),1
Kord_Greg_(CON),1
Kotek_Tina,5
Kotek_Tina(WI),1
Kotek_Tina_(D),4
Kotek_Tina_(DEM),1
Kozak_Mike_(NAV),1
Kramer_Mark_K,1
Kremer_Mary,1
Kremer_Mary_(REP),1
Krieger_Wayne,5
Krieger_Wayne(WI),1
Krieger_Wayne_(R),5
Krieger_Wayne_(REP),1
Kroger_John_R,1
Kroger_John_R_(D),1
Kroger_John_R_(WI),1
Kropf_Jeff,2
Kropf_Jeff_(R),1
Kropf_Jeff_(WI),1
Krueger_Art_H_(PG),1
Krummel_Jerry,2
Krummel_Jerry_(R),2
Kruse_Jeff,3
Kruse_Jeff_(R),3
Kucinich_Dennis_J,1
Kuechler_Wayne,1
Kuechler_Wayne_(D),1
Kuklinski_Piotr,1
Kuklinski_Piotr(WI),1
Kuklinski_Piotr_(R),2
Kulongoski_Ted,1
Kulongoski_Ted_(D),1
Kurshner_Paula_J,2
Kushner_Jay,1
Kushner_Jay_(R),1
Kuzmanich_John,1
Kyle_Barbara,1
Kyle_Claudia,2
Kyle_Claudia_(D),1
Kyle_Claudia_(DEM),1
LaBarre_Jerome,2
LaMar_Kristena_A,1
LaMunyon_Don_(CON),1
Lamberg_Kathy_(R),1
Landau_Jack_L,2
Langan_Jeffrey_J_(L),1
Larouche_Jr_Lyndon_H,1
Lasswell_William_L,1
Later_Loren,1
Laurent_Bud,1
Laurent_Bud_(DEM),1
Lawrence_Jeff_(LBT),1
Lawrence_Tara_R,1
Lawson_Jackie,1
LeCompte_Kathy,2
LeCompte_Kathy_(R),1
LeCompte_Kathy_(REP),1
Lee_Barry_S,1
Lee_Charles,2
Lee_Charles_E,1
Lee_Charles_E_(D),1
Lee_Chuck_(I),1
Leggert_Terry_Ann,1
Leiman_Alan,2
Leitch_Gordon,2
Leith_David_E,1
Lemas_Noah,1
Lemas_Noah_(D),1
Lemler_Becky,1
Lemler_Becky_(REP),1
Lemons_Thomas_F,1
Lentsch_Cheryl,1
Leonard_Kip,1
Leriche_Steven_F,2
Letourneau_Donald_R,2
Leuenberger_James_E,2
Leuenberger_James_E_(C),3
Levin_Jason_(PG),1
Levine_Richard_(Rick),1
Levine_Richard_(Rick)_(DEM),1
Lewis_Alexa_J,1
Lieuallen_Jon,1
Lim_John,4
Lim_John_(R),3
Linder_Virginia_L,4
Lindland_Matt,1
Lindland_Matt_(R),1
Lindsay_Jim_(L),1
Lindsay_Shawn,2
Lindsay_Shawn_(R),1
Lindsay_Shawn_(REP),1
Lindsey_Renee,1
Lindsey_Renee_(R),1
Lininger_Ann_(D),1
Lioio_Bill,1
Lioio_Bill_(R),1
Lipscomb_Paul,1
Liskey_Tracey,1
Littlehales_Charles_P,1
Litzenberger_Marilyn_E,1
Lively_John,1
Lively_John_(D),2
Loera_David,1
Lofaso_Joanna,1
Lofaso_Joanna_(R),1
Loney_Paul_(PAC),1
Long_David_E_(L),2
Lopez_Angel,1
Lopez_Delia,3
Lopez_Delia_(R),1
Lopez_Delia_(REP),1
Lorts_Jack_E,1
Lorts_Jack_E_(D),1
Love_Valeri_L,1
Lovelace_Kelly,1
Lovelace_Kelly_(R),1
Lovelace_Kelly_R,1
Lovelace_Kelly_R_(REP),1
Lowe_John,1
Lowery_Brian_D_(L),1
Loy_Michael_S,1
Loyd_Don_(C),1
Luby_Kevin_W,1
Lucas_Dan,1
Lucas_Dan_(REP),1
Lucca_Marc,1
Lugo_Chris_(PGP),1
Lugo_Christina_Jean_(PG),2
Lundgren_Maren,1
Lundgren_Maren_(D),1
Luukinen_Charles_E,1
Lynn_Rita_(C),1
MacLeod_Colleen,1
Macpherson_Greg,3
Macpherson_Greg_(D),2
Macpherson_Greg_(WI),1
Madison_Kenneth_W,1
Magaña_Mario_E,1
Magaña_Mario_E_(D),1
Maginnis_Tom,1
Maginnis_Tom_(R),1
Mahler_John_F_(L),1
Mahler_Sharon_A_(L),1
Malmay_Carol,1
Mandaville_Diane_(I),1
Mann_Sandra_L,1
Mannix_Kevin,2
Mansell_Melanie,1
March_Steve,1
March_Steve_(D),1
Marcus_Michael_H,1
Margolis_Jesse_(WI),1
Margolis_Jesse_C,1
Marino_Tony,1
Marino_Tony_(R),1
Markley_Kyle_(L),2
Marks_Steve,1
Marney_Thad_(L),1
Marquis_Joshua,2
Marr_Kevin_P,1
Marr_Kevin_P_(D),1
Mars_Tami,1
Mars_Tami_(R),1
Marsh_Michael_(C),2
Marsh_Michael_(CON),1
Marsh_Michael_P_(C),1
Marsh_Michael_Paul_(C),2
Marshall_Christopher_J,1
Marshall_William,1
Marshall_William_(Bill),1
Marteeny_Doug,1
Martin_Robert_D_(L),1
Martin_Ted_K,1
Martwick_Jean_Marie,1
Marvin_Michael_(L),1
Masey_Susan,1
Mason_Dan,1
Mason_Dan_(R),2
Massey_Susan_(R),1
Matarazzo_Judith_Hudson,1
Mathisen_Michael,1
Mattern_Cody_(L),1
Matthews_Greg,3
Matthews_Greg_(D),2
Matthews_Greg_(DEM),1
Matyas_Cindee_S,3
Maurer_Jean_Kerr,1
Maurer_Ron,3
Maurer_Ron_(R),2
Maurer_Steven_L,2
McAlmond_Russell,1
McAlpin_Jay_(WI),1
McArthur_Mike_W,1
McCain_Bruce,1
McCain_Bruce_(R),1
McCain_John,2
McCarty_Ron,1
McCarty_Ron_(N),1
McColgan_John_C,1
McColgan_John_C_(D),1
McCormick_John_A,1
McCormick_Rick_J,1
McDaniel_Kelsie,1
McDermott_Harry,2
McDermott_Harry_(D),1
McDermott_Harry_(DEM),1
McDonald_Bob,1
McDonald_Bob_(D),1
McGeary_Doug,2
McHill_Tom,1
McIntyre_James_J,1
McKenna_Arn,1
McKeown_Caddy,1
McKeown_Caddy_(D),2
McKibbin_G_Nick,1
McKinney_Cynthia_(PG),1
McKnight_Maureen,1
McLain_Susan_(D),1
McLane_Mike,2
McLane_Mike_(R),2
McLane_Mike_(REP),1
McLane_Mike_(WI),1
McLeod_Wade_M,1
McMenamin_Timothy_E,1
McMenamin_Timothy_E_(R),2
McShane_Michael,1
Mclean_Fergus,1
Mclean_Fergus_(D),1
Mcleod_Wade_M,1
Meadowlark_Paul,1
Meieran_Sharon,1
Meisenheimer_Keith,1
Mejia_Lorenzo_A,1
Menchaca_Ricardo_J,1
Mendiguren_Phillip_A,1
Mentrum_Christopher,1
Meo_Michael_(PG),2
Meo_Michael_(PGP),1
Merkley_Jeff,3
Merkley_Jeff_(D),4
Merten_Maurice_K,2
Meshell_Jason_DC,1
Metsger_Rick,3
Metsger_Rick_(D),1
Meyer_Andy,1
Michael_Timothy,1
Michaels_Lisa,2
Michaels_Lisa_(R),1
Mickelson_Richard_K,1
Mike,1
Miller_Eve_L,2
Miller_Robert_(L),2
Milligan_Steve_(L),1
Mills_Scott_A_(D),1
Milne_Patricia_(R),1
Minnis_Karen,2
Minnis_Karen_(R),2
Minthorn_Antone(WI),1
Minthorn_Antone_(D),1
Misc,1844
Mitchel-Markley_Caitlin_(L),1
Mitchell_Douglas_S,1
Mitchell_II_Charles_P,1
Mock_Tristin_(PG),1
Mongkeya_Linda,1
Mongkeya_Linda_(D),1
Monnes_Anderson_Laurie,3
Monnes_Anderson_Laurie_(D),3
Monroe_Rod,2
Monroe_Rod_(D),2
Monroe_Rod_(DEM),1
Montchalin_Mike_(L),1
Mooney_Josephine,1
Moore_Ken_(D),1
Moran_Mike,1
Moran_Mike_(D),1
Moran_Nancy,1
Morgan_Delinda,1
Morgan_Delinda_(R),1
Morgan_Doug,1
Morgan_Ronald_L_(Ron)_(S),1
Morgan_Susan,2
Morgan_Susan(WI),1
Morgan_Susan_(R),2
Morley_Richard_(L),2
Morrisette_Bill,1
Morrisette_Bill_(D),1
Morse_Frank,2
Morse_Frank_(R),1
Morse_Frank_(REP),1
Morton_Jim,1
Morton_Jim_(D),1
Morton_Robert_(C),1
Mowry_Dave,3
Mowry_Dave_(R),1
Mueller_Cheryl_(R),1
Murgo_Rudy_M,1
Murk_Mary_Ann,1
Murphy_Daniel_R,2
Myers_Cheryl,1
Myers_Cheryl_(DEM),1
Myers_Hardy,1
Myers_Hardy_(D),1
Myers_Norm,1
Myers_Norm_(R),1
Myers_Robert_E,1
Myers_Scott_W,1
Nachtigal_Gayle_A,2
Nader_Ralph_Nader_(P),1
Nakamoto_Lynn_R,1
Napolitano_John,1
Napolitano_John_(D),1
Nathanson_Nancy,4
Nathanson_Nancy(WI),1
Nathanson_Nancy_(D),4
Nathanson_Nancy_(DEM),1
Nathe_Richard,1
Neal_Bruce,1
Neal_Bruce_(R),1
Nearman_Mike_(R),1
Neeley_Doug,1
Neeley_Doug_(D),1
Neilson_George_W,1
Nelsen_John,1
Nelsen_John_(R),1
Nelson_Adrienne,1
Nelson_Adrienne_C,1
Nelson_David,2
Nelson_David(WI),1
Nelson_David_(R),2
Nelson_David_(WI),1
Nelson_Donna_G,2
Nelson_Donna_G._(R),1
Nelson_Donna_G_(R),1
Nelson_Justin_W,1
Nelson_Maggie,1
Nelson_Maggie_(R),1
Nelson_Philip_L,2
Neville_Candy,1
Newell_David,1
Newell_David_(R),1
Newell_Jr_Eugene_A_(L),1
Newgard_Steve,1
Newgard_Steve_(R),2
Newman_Michael,1
Newman_Michael_A,1
Nisley_Eric,1
Nisley_Eric_J,2
No,59
Nolan_Mary,4
Nolan_Mary(WI),1
Nolan_Mary_(D),3
Nolan_Mary_(DEM),1
Nolan_Mary_(WI),1
Norblad_Albin_W,2
Norby_Susie_L,1
Nordbye_Peter,1
Nordbye_Peter_(D),1
Nordin_Donald,1
Nordin_Donald_(D),1
Norris_Alice_(DEM),1
Norris_Dan,1
Norris_Daniel_O,2
Nortness_Kevin_C,1
Nortness_Kevin_C_(D),1
Norton_John,1
Nosse_Rob_(D),1
Novick_Steve,1
Novotny_DeAnn_L,1
Novy-Arcune_Sara_Helen,1
Nyhart_Brenda_(C),1
Nystrom_Stephanie_(D),1
Oakley_Jim(WI),1
Oakley_Jim_(R),1
Obama_Barack,3
Obama_Barack_(D),1
Obrist_Roger,1
Obrist_Roger_S,2
Ochoa_Joseph_V,1
Olds_Ryan_A,1
Olds_Ryan_A_(D),1
Ollerenshaw_Gary_L,1
Ollerenshaw_Gary_L_(D),1
Olsen_Alan_R,1
Olsen_Alan_R_(R),1
Olsen_Alan_R_(REP),1
Olsen_Dick,1
Olsen_Dick_(D),1
Olsen_Tracy_(I),1
Olson_Andy,5
Olson_Andy_(R),5
Olson_Andy_(REP),1
Olson_Douglas_S,1
Olson_Douglas_S_(R),1
Olson_J_Marty,1
Olson_John_A,1
Olson_Vicki,1
Omdahl_Jay,1
Omdahl_Jay_(R),1
Oppenheim_Steve,1
Oppenheim_Steve_(R),1
Orr_David,1
Orr_Rodney_E,1
Orr_Rodney_E_(DEM),1
Ortega_Darleen,2
Osborne_Dick(WI),3
Osborne_Dick_(R),1
Osborne_Roxanne_Burgett,2
Ostrye_Karen,1
Ousley_Daniel,5
Overgaard_Mary,1
Owens_Howard,1
Owens_Howard_(D),1
Page_Allan_(C),1
Pahl_Ronald_J,2
Park_Rod,1
Parker_Robin_S,1
Parker_Timi,1
Parker_Timi_(DEM),1
Parks_Del,1
Parrish_Julie,1
Parrish_Julie_(R),2
Parrish_Julie_(REP),1
Parsons_Shirley,1
Parsons_Shirley_(R),1
Partin_Lynn_D,1
Partridge_Lindsay,1
Patridge_Rob,1
Patterson_Douglas_(C),2
Paul_David_F_(Dave),1
Paul_Ron,2
Payne_Kathleen,2
Peachey_Thomas_C,1
Pearn_Al,3
Pearn_Al_(R),3
Pederson_Jessica_Vega,1
Pellegrini_Cheryl,1
Penicook_David,1
Penn_Dale,1
Penn_Dale_W,1
Peralta_Sal,1
Peralta_Sal_(D),1
Perkins_Ed,1
Peroutka_Michael_Anthony_(C),1
Perry_Patrick_Christopher,1
Petersen_Andy_(R),1
Peterson_Adam,1
Petrie_Philip,1
Phay_Richard_V_(D),1
Philbrook_Julia_A,1
Philiben_Phil,1
Philiben_Phil_(D),1
Phillips_Tim,1
Pierce_Jackie_(D),1
Pierce_Jackie_(DEM),1
Pierpoint_Gary,1
Pierpoint_Gary_(R),1
Pike_Roger,1
Pike_Roger_(D),1
Piluso_Carla_C_(D),1
Pishioneri_Joe,1
Pishioneri_Joe_(R),1
Pivarnik_John_R_(C),1
Polikoff_Alex_(PG),3
Poole_Arnold_W,1
Poole_Ronald,1
Pope_Craig,1
Porter_William_(Bill),2
Post_Bill_(R),1
Powers_Mike,1
Powers_Mike_(DEM),1
Prall_Tracy_A,1
Pratt_J_Burdette,1
Price_Steven_L,1
Price_Wesley_B,1
Price_Wesley_B_(D),1
Primus_Daniel_R,1
Prociw_Kevin_(IND),1
Prock_Robert_L_(C),1
Prozanski_Floyd,3
Prozanski_Floyd_(D),3
Prozanski_Floyd_(DEM),1
Radley_Charles_F_(L),1
Radley_Charles_Frank_(L),1
Raines_Keith_R,1
Rambo_Richard_B,1
Ramsay_Susan_M_(Sue),1
Rasmussen_Karsten_H,2
Rasmussen_Will,1
Rasmussen_Will_(DEM),1
Rastetter_Thomas_J,2
Ravassipour_Kelly_W,1
Rayfield_Dan,1
Rayfield_Dan_(D),1
Rayfield_Dan_(DEM),1
Read_Tobias,4
Read_Tobias_(D),4
Read_Tobias_(DEM),1
Reardon_Jeff,1
Reardon_Jeff_(D),2
Reed_Steven_B,1
Reed_Theresa_(Darklady)_(L),1
Rees_David_F,1
Reilly_TJ,1
Reilly_TJ_(R),1
Reisfar_Tristan_(L),1
Reynolds_Dick,1
Reynolds_Dick_(D),1
Reynolds_Garry_L,1
Reynolds_Scott_(IND),1
Reynolds_Steven_(P),1
Reynolds_Steven_C_(PG),1
Rhoades_Jamese,2
Richardson_Dennis,5
Richardson_Dennis(WI),2
Richardson_Dennis_(R),5
Richardson_Dennis_(REP),1
Richardson_Ernest_C_(C),1
Richkind_Steve,1
Richman_Mark_(R),1
Richter_Christopher_(L),1
Riggs_Richard,1
Riggs_Richard_(D),1
Riggs_William,1
Riley_Chuck,4
Riley_Chuck_(D),4
Riley_Chuck_(DEM),1
Riley_Katie,2
Riley_Katie_(DEM),1
Rilling_Terry,1
Rilling_Terry_(R),1
Rilling_Terry_L_(I),1
Ritter_Jeff,1
Robbins_John_P,1
Roberts_Beth_L,1
Roberts_Jack,2
Roberts_Leslie,2
Roberts_R_Scott,1
Roberts_R_Scott_(REP),1
Roberts_Scott,1
Roberts_Scott_(R),1
Robinson_Art,2
Robinson_Art_(R),2
Robinson_Art_(REP),1
Robinson_David,1
Robinson_Matthew_L,1
Robison_Jim,1
Roblan_Arnie,5
Roblan_Arnie_(D),4
Roblan_Arnie_(DEM),1
Rogers_Keith_B,1
Rohde_Gregory_F_(L),1
Roll_Perry_(L),1
Roll_Perry_R_(L),1
Roll_Rick_W,1
Roll_Rockne,1
Rollins_Eldon,3
Rollins_Eldon_(D),2
Rollins_Eldon_(DEM),1
Romney_Mitt,1
Romney_Mitt_(R),1
Rooke-Ley_Ilisa_HR,1
Rose_Rick_(R),1
Rosenbaum_Diane,4
Rosenbaum_Diane(WI),2
Rosenbaum_Diane_(D),4
Rosenbaum_Diane_(WI),1
Rosenblum_Ellen,1
Rosenblum_Ellen_(D),1
Rosenblum_Ellen_F,1
Rosenthal_Gerritt,3
Rosenthal_Gerritt_(D),1
Rosinbaum_Guy_(L),1
Rosinbaum_Guy_S_(L),1
Ross_Rick,2
Ross_Rick_(D),2
Ross_Ron_(C),1
Rowe_Steven_D,1
Rowe_Steven_D_(R),1
Rubenstein_Julie,1
Rubenstein_Julie_(D),1
Ruel_Conrad,1
Ruel_Conrad_(D),1
Runyan_Casey_(R),1
Runyan_Dwayne_E,1
Runyan_Dwayne_E_(REP),1
Ryan_Tom,1
Sander_Miklosch_(Mik),1
Sander_Miklosch_(Mik)_(D),1
Sanders_David,1
Sanders_David_(R),1
Sanders_Paulette_E,1
Sannes_Marvin,1
Sannes_Marvin_(I),2
Sannes_Marvin_(REP),1
Santorum_Rick,1
Sappington_Sam_HW,1
Sappington_Sam_HW_(D),1
Sardo_Jordana_(F),1
Savoie_Shane_(L),1
Saxton_Frank_W,1
Saxton_Ron,1
Saxton_Ron_(R),1
Schaffer_Steve,1
Schaufler_Mike,5
Schaufler_Mike(WI),1
Schaufler_Mike_(D),3
Schaufler_Mike_(DEM),1
Schendel_Diane,1
Schendel_Diane_(REP),1
Schiveley_Mark,1
Schomus_Gabe,1
Schomus_Gabe_(R),1
Schrader_Kurt,4
Schrader_Kurt_(D),4
Schrader_Kurt_(DEM),1
Schrader_Martha,1
Schrader_Martha_(DEM),1
Schrunk_Michael_D,2
Schulz_Hugo,1
Schulz_Hugo_(REP),1
Schuman_David,1
Schutt_David_A,3
Schutz_Ronald,1
Schwend_Adam,1
Scott_Chester,1
Scott_Johnie_Wayne_(L),1
Scott_Wayne,2
Scott_Wayne_(R),2
Scronce_Karl,2
Sebestyen_Jerome_(Jerry)_(D),1
Sebestyn_Jerry(WI),1
Segers_Joyce_B,2
Segers_Joyce_B_(D),1
Segers_Joyce_B_(DEM),1
Seitz_Joan_G,1
Selander_Robert_R,1
Seligman_Mark_J_(L),1
Selman-Ringer_Jill,1
Selman-Ringer_Jill_(D),1
Semrau_Scott_(C),2
Sercombe_Timothy_J,2
Settje_Dale,1
Sewell_John_T,3
Shah_Santu,1
Shannon_Al,1
Shannon_Al_(R),1
Sharp_Marj,1
Shaw_Patricia_J,2
Sheedy_Nick,1
Sheehan_Patrick,2
Sheehan_Patrick_(R),1
Sheehan_Patrick_(REP),1
Shepley_Wm_Bruce,1
Shields_Chip,6
Shields_Chip(WI),2
Shields_Chip_(D),4
Shields_Chip_(DEM),1
Shindler_Lee_R,1
Shipman_Roger_(C),1
Shirtcliff_Matt,3
Shults_Mitch_(L),1
Silver_Gregory_F,1
Silver_Scott,1
Simmering_Robert_J_(C),1
Simmons_Ann_Marie,1
Simpson_Lane_W,1
Sims_Theodore_E,1
Sizemore_Bill,1
Skye_Kelly,1
Smith_Berkeley,1
Smith_Bernie,1
Smith_Bill_A,1
Smith_Bill_A_(D),1
Smith_Brent_H,1
Smith_Gordon_H,1
Smith_Gordon_H_(R),1
Smith_Greg,5
Smith_Greg(WI),1
Smith_Greg_(R),5
Smith_Greg_(REP),1
Smith_Greg_(WI),1
Smith_Jefferson,2
Smith_Jefferson(WI),1
Smith_Jefferson_(D),1
Smith_Jefferson_(DEM),1
Smith_Josh_(PG),1
Smith_Jr_Donald_G_(L),1
Smith_Patti,2
Smith_Patti_(R),2
Smith_Tim_K,1
Smith_Tootie_(R),1
Snodgrass_Ben_(C),1
Soehrman_Martin_(LBT),1
Soehrman_W_Martin_(L),1
Sokol_Blosser_Susan,1
Sommer_Curtis_(P),1
Sonnen_Chael,2
Sorenson_Pete,1
Souza_Daniel_K_(L),1
Spasaro_Michael_(WI),1
Spasaro_Michael_P,1
Spasaro_Michael_P_(R),2
Spasaro_Michael_P_(REP),1
Spear_Jr_Thomas_M,2
Spear_Thomas,2
Spicer_Annetta_L,2
Spidal_William_E,1
Sprenger_Sherrie,3
Sprenger_Sherrie_(R),3
Sprenger_Sherrie_(REP),1
Squires_Eric_D_(D),1
St_Germain_Tonia_P_(D),1
Staggenborg_Rick_(PRO),1
Stallings_NW_(Bill)_(C),1
Stapleton_Ulys,1
Stark_Duane_A_(R),1
Starr_Bruce,3
Starr_Bruce_(R),2
Starr_Bruce_(REP),1
Starr_Charles,1
Starrett_Mary_(C),1
Stauffer_Janet,1
Steele_Kathie_F,1
Steiert_Greg,1
Stein_Jill_(PG),1
Steiner_Hayward_Elizabeth_(D),2
Stephens_Eli,1
Stiegler_Judy,3
Stiegler_Judy_(D),2
Stiegler_Judy_(DEM),1
Stone_Martin,2
Stone_Ronald_W,2
Storkson_Britt,1
Streich_Alexandria_Chris,1
Stuart_Diana_I,1
Stutzman_Tom,1
Sullivan_Michael_C,1
Sullivan_Pat,1
Sullivan_Patricia,1
Sumner_Mac,2
Sumner_Mac_(R),2
Sunseri_Ron,1
Sunseri_Ron_(R),1
Svetkey_Susan_M,2
Swanson_John,1
Swartzendruber_Ross,1
Swartzendruber_Ross_(D),1
Sweeney_John,5
Tabor_H_Joe_(L),2
Tabor_H_Joe_(LBT),1
Tabor_Joe_(L),1
Taggart_Meredith_Love_(L),1
Talley_Ben,2
Talley_Ben_(D),2
Tallman_Terry_K,2
Taylor_Darlene_V_(D),1
Taylor_Kathleen_(D),1
Taylor_Robert_(L),1
Telfer_Chris,3
Telfer_Chris_(R),1
Telfer_Chris_(REP),1
Tempey_Marcus_W,1
Temple_Eva_J,1
Tennyson_Katherine,1
Terry_David_(L),1
Thackaberry_Dan,2
Thackaberry_Dan_(D),2
Thatcher_Jared,1
Thatcher_Jared_(R),1
Thatcher_Kim,5
Thatcher_Kim(WI),1
Thatcher_Kim_(R),5
Thatcher_Kim_(REP),1
Thiemann_Phyllis,1
Thom_Ron,1
Thomas_Norm,1
Thomas_Norm_(R),1
Thompson_Fred,2
Thompson_Fred_(R),1
Thompson_Gary,2
Thompson_Jim,4
Thompson_Jim_(R),2
Thompson_Jim_(REP),1
Thompson_Kirsten_E,1
Thompson_Tim,1
Thompson_Timothy_R,1
Thomsen_Chuck,1
Thomsen_Chuck_(R),1
Thomsen_Chuck_(REP),1
Thorne_Greg,1
Tichenor_Cal,1
Ticknor_Daniel,1
Tiktin_Stephen_N,1
Tiller_Hobert_Kim,1
Timko_Michelle_T,1
Tipton_Gerald_R,1
Tomei_Carolyn,5
Tomei_Carolyn(WI),1
Tomei_Carolyn_(D),4
Tomei_Carolyn_(DEM),1
Torrey_Jim,1
Torrey_Jim_(R),1
Tran_Thuy,1
Traylor_Dave,2
Trevino_Mari_Garric,1
Tripp_Susan_M,1
Tu_Trung_D,1
Turner_Russell,1
Turner_Russell_(REP),1
Uchytil_Randy,1
Uchytil_Randy_(R),1
Uherbelau_Judith_H,1
Uhing_Elena,1
Uhrick_Colin_D,1
Underhill_Rod,1
Unger_Ben,1
Unger_Ben_(D),1
Upton_Suzanne,1
Upton_Suzanne_M,1
VanGordon_Sean,1
VanGordon_Sean_(REP),1
VanGordon_Sean_MP,1
VanGordon_Sean_MP_(R),1
VanOrman_Suzanne,3
VanOrman_Suzanne_(D),2
VanOrman_Suzanne_(DEM),1
Van_Dyk_Douglas,1
Van_Dyk_Douglas_V,1
Van_Schoonhoven_Heidi,1
Van_Schoonhoven_Heidi_(D),2
Van_Valkenburgh_M_D,1
Vandever_Jacob_D_(R),1
Vega_Pederson_Jessica_(D),2
Velure_Lyle_C,1
Verbeek_John,1
Verbeek_John_(R),2
Verger_Joanne,2
Verger_Joanne_(D),2
Verger_Joanne_(WI),1
Vetanen_Mark_(L),1
Vetanen_Mark_W_(L),1
Villa-Smith_Kathryn,1
Vitolins_Daina,1
Vitolins_Daina_A,1
Vogt_Debra,2
Vogt_Debra_K,1
Voisin_Carol,1
Voisin_Carol_(D),1
Volpert_Tim,2
Wagner_Wes_(L),2
Wagner_Wes_(LBT),1
Wakkila_Wynne,1
Wakkila_Wynne_(D),1
Walden_Greg,5
Walden_Greg_(R),5
Walden_Greg_(REP),1
Waldron_Keith,1
Walker_David_(NA),1
Walker_Kenneth_R,1
Walker_Vicki_L,2
Walker_Vicki_L_(D),1
Walker_Victory_D,1
Wallace_Jeff,1
Wallace_Jeff_M,1
Waller_Nan_G,1
Walls_Pete,1
Walsh_(Lone_Vet)_Joseph,1
Walters_Martha_L,1
Wand_Matthew,2
Wand_Matthew_(R),1
Wand_Matthew_(REP),1
Wang_Andre,1
Wang_Andre_(REP),1
Wangle_Keith_(I),1
Warner_Barbara_Smith_(D),1
Watkins_Rex_O,1
Watkins_Ulanda_L,1
Weatherford_Marion,2
Webb_Mark,3
Webb_Sandy,1
Webb_Sandy_(DEM),1
Weber_Katherine_E,1
Wehby_Monica_(R),1
Weidner_Jim,2
Weidner_Jim_(R),3
Weidner_Jim_S,1
Weidner_Jim_S_(REP),1
Welch_Elizabeth,1
Wells_Paul_Damian,3
Wells_Pete_(DEM),1
Welsh_Jim,2
Welsh_Jim_(C),1
Welyczko_Mark,2
Wendel_Mike,1
Wesenberg_Rick,2
West_Russell_B,1
West_Wesley,1
West_Wesley_W,1
West_Wesley_W_(DEM),1
Westlund_Ben,2
Westlund_Ben_(D),1
Westlund_Ben_(R),1
Westlund_Ben_(WI),1
Wetzel_Mike,1
Wheeler_Rob,1
Wheeler_Rob_(REP),1
Wheeler_Ted,2
Wheeler_Ted_(D),1
Wheeler_Ted_(DEM),1
Whisnant_Gene,5
Whisnant_Gene(WI),1
Whisnant_Gene_(R),5
Whisnant_Gene_(REP),1
Whisnant_Gene_(WI),1
White_Raymond_B,1
Whitehead_Richard_(L),1
Whitsett_Doublas_K_(R),1
Whitsett_Doug,2
Whitsett_Doug(WI),1
Whitsett_Doug_(R),2
Whitsett_Douglas_K,1
Whitsett_Douglas_K(WI),1
Whitsett_Gail,1
Whitsett_Gail_(R),1
Whitsett_Gail_D_(R),1
Whitten_Cameron_(P),1
Wieneke_Carl,1
Wieneke_Carl_(R),1
Wight_John,2
Wight_John_(R),2
Wilhelm_Craig_(D),1
Williams_Gary_L,1
Williams_Gary_Lee,1
Williams_Hart,1
Williams_Locke_A,1
Williams_Mona_K,3
Williams_Wayne_R_(L),1
Williamson_Jennifer,1
Williamson_Jennifer_(D),2
Wilson_Carl_(R),1
Wilson_Janice_R,2
Wilson_John_B,1
Wilson_John_Bruce,1
Wilson_Richard_(RJ),1
Winegarden_Carole_D_(C),1
Winegarden_Dale_(C),1
Wingard_Matt,3
Wingard_Matt_(R),1
Wingard_Matt_(REP),1
Winters_Jackie,3
Winters_Jackie_(R),2
Winters_Jackie_(REP),1
Wirth_Kelley,1
Wirth_Kelley_(D),1
Witt_Brad,4
Witt_Brad(WI),1
Witt_Brad_(D),4
Witt_Brad_(DEM),1
Wittmayer_John_A,1
Wogan_Cameron_F,2
Wolf_Dean_(C),2
Wolf_John_A,1
Wolfe_Nancy_H,1
Wolfe_Robert_(P),1
Wolke_Pat,2
Wollheim_Robert,2
Woodland_Walter_H,1
Woods_Jr_Earl_R,1
Woolley_Seth_(PG),1
Woolley_Seth_Alan_(PG),1
Wooten_Cliff,1
Wright_Barbara_Ann,1
Wright_Beverly_J_(R),1
Wright_Christopher_D,1
Wright_Jim,1
Wright_Jim_(R),1
Wu_David,4
Wu_David_(D),3
Wu_David_(DEM),1
Wyatt_Merri_Souther,2
Wyden_Ron,2
Wyden_Ron_(D),1
Wyden_Ron_(DEM),1
Wyers_Jan,1
Wynhausen_Michael,1
Yates_Jason_(R),1
Yellott_Geo_(Sonny)_W_(R),1
Yellott_George_(Sonny),1
Yellott_George_(Sonny)_(R),1
Yes,59
York_Carol,1
York_Carol_(R),1
You_Youlee_Yim,1
Young_Bill,2
Young_Bill_(R),1
Young_Bill_(REP),1
Yount_Phil,1
Zanotelli_Brian,1
Zennache'_Charles_M,1
Zupancic_Jim,1
Zupancic_Jim_(R),1
deParrie_Paul_(C),1
